"studentID";"friend.ID.code";"best.friend";"go.out.friend";"school.friend";"free.time.friend";"class.friend"
1067;1061;"Yes";"No";"No";"No";"14gE"
1615;1061;"Yes";"No";"Yes";"No";"14gE"
1486;1061;"Yes";"No";"No";"No";"14gE"
2022;1061;"Yes";"No";"Yes";"No";"14gE"
1828;1063;"Yes";"Yes";"No";"No";"15gE"
2026;1063;"Yes";"Yes";"No";"No";"15gE"
1113;1063;"Yes";"No";"No";"Yes";"15gE"
2103;1065;"Yes";"No";"Yes";"No";"14gD"
2109;1065;"Yes";"No";"Yes";"No";"14gD"
1111;1065;"Yes";"Yes";"Yes";"No";"14gD"
1103;1065;"Yes";"No";"No";"No";"14gD"
1061;1067;"Yes";"Yes";"Yes";"Yes";"14gE"
2683;1067;"Yes";"No";"No";"Yes";"14gE"
1982;1067;"Yes";"No";"Yes";"No";"14gE"
2022;1067;"Yes";"No";"Yes";"No";"14gE"
2028;1067;"Yes";"Yes";"No";"Yes";"14gE"
2107;1069;"Yes";"No";"Yes";"Yes";"14gD"
1627;1069;"Yes";"No";"Yes";"No";"14gD"
1605;1073;"Yes";"No";"Yes";"No";"14gF"
1079;1073;"Yes";"No";"No";"No";"14gF"
1065;1073;"Yes";"Yes";"Yes";"No";"14gF"
1073;1079;"Yes";"Yes";"No";"No";"14gF"
1605;1079;"Yes";"No";"Yes";"No";"14gF"
1599;1079;"Yes";"No";"Yes";"No";"14gF"
1591;1087;"Yes";"No";"No";"Yes";"14gC"
1801;1087;"Yes";"No";"No";"No";"14gC"
1133;1087;"Yes";"No";"Yes";"No";"14gC"
1607;1087;"Yes";"No";"Yes";"No";"14gC"
1826;1087;"Yes";"No";"Yes";"Yes";"14gC"
1418;1087;"Yes";"No";"Yes";"No";"14gC"
1406;1087;"Yes";"No";"Yes";"No";"14gC"
1436;1089;"Yes";"Yes";"Yes";"Yes";"14gG"
1713;1089;"Yes";"No";"No";"No";"14gG"
1113;1089;"Yes";"No";"No";"Yes";"14gG"
1894;1095;"Yes";"Yes";"No";"Yes";"15gC"
1783;1095;"Yes";"No";"No";"No";"15gC"
1791;1095;"Yes";"No";"No";"No";"15gC"
1920;1097;"Yes";"No";"No";"No";"14gH"
1087;1097;"Yes";"No";"Yes";"No";"14gH"
1994;1099;"Yes";"No";"No";"No";"14gB"
1117;1099;"Yes";"Yes";"Yes";"Yes";"14gB"
1125;1099;"Yes";"No";"Yes";"Yes";"14gB"
1601;1099;"Yes";"No";"Yes";"Yes";"14gB"
2103;1101;"Yes";"No";"No";"Yes";"14gD"
2028;1101;"Yes";"No";"Yes";"No";"14gD"
1111;1103;"Yes";"Yes";"Yes";"No";"14gD"
1123;1103;"Yes";"No";"No";"No";"14gD"
1065;1103;"Yes";"No";"Yes";"No";"14gD"
2109;1103;"Yes";"No";"Yes";"No";"14gD"
1326;1107;"Yes";"Yes";"No";"Yes";"14wB"
1607;1107;"Yes";"No";"Yes";"No";"14wB"
2178;1109;"Yes";"No";"Yes";"No";"15gC"
1125;1109;"Yes";"Yes";"Yes";"Yes";"15gC"
2200;1109;"Yes";"No";"Yes";"No";"15gC"
1103;1111;"Yes";"No";"No";"No";"14gD"
1123;1111;"Yes";"No";"Yes";"No";"14gD"
2103;1111;"Yes";"No";"Yes";"No";"14gD"
1065;1111;"Yes";"No";"Yes";"No";"14gD"
2109;1111;"Yes";"No";"Yes";"No";"14gD"
1422;1113;"Yes";"No";"No";"No";"14gE"
1828;1113;"Yes";"Yes";"No";"Yes";"14gE"
2026;1113;"Yes";"Yes";"No";"Yes";"14gE"
1063;1113;"Yes";"Yes";"Yes";"Yes";"14gE"
1982;1113;"Yes";"No";"No";"No";"14gE"
1067;1117;"Yes";"No";"Yes";"No";"14gA"
1125;1117;"Yes";"Yes";"Yes";"Yes";"14gA"
1099;1117;"Yes";"Yes";"Yes";"No";"14gA"
2000;1117;"Yes";"No";"Yes";"No";"14gA"
2238;1117;"Yes";"No";"Yes";"No";"14gA"
1795;1117;"Yes";"Yes";"Yes";"Yes";"14gA"
1978;1117;"Yes";"Yes";"Yes";"No";"14gA"
1783;1117;"Yes";"Yes";"Yes";"Yes";"14gA"
1103;1123;"Yes";"No";"No";"No";"14gD"
1111;1123;"Yes";"No";"Yes";"No";"14gD"
2109;1123;"Yes";"No";"Yes";"No";"14gD"
1099;1125;"Yes";"No";"No";"No";"14gA"
1117;1125;"Yes";"No";"Yes";"Yes";"14gA"
1783;1125;"Yes";"Yes";"Yes";"Yes";"14gA"
1795;1125;"Yes";"Yes";"Yes";"No";"14gA"
1978;1125;"Yes";"Yes";"No";"No";"14gA"
2238;1125;"Yes";"No";"Yes";"No";"14gA"
1109;1125;"Yes";"Yes";"Yes";"No";"14gA"
1087;1133;"Yes";"No";"Yes";"No";"14gC"
1745;1133;"Yes";"No";"Yes";"No";"14gC"
1268;1157;"Yes";"No";"Yes";"No";"14gB"
1631;1157;"Yes";"No";"Yes";"No";"14gB"
2121;1168;"Yes";"No";"Yes";"No";"14gB"
1994;1168;"Yes";"No";"No";"No";"14gB"
1952;1204;"Yes";"No";"Yes";"No";"15wA"
1214;1204;"Yes";"No";"Yes";"No";"15wA"
1334;1214;"Yes";"No";"Yes";"No";"15wB"
1952;1214;"Yes";"No";"No";"No";"15wB"
2879;1214;"Yes";"No";"No";"Yes";"15wB"
1224;1216;"Yes";"No";"Yes";"No";"16gA"
1655;1216;"Yes";"No";"Yes";"No";"16gA"
2550;1222;"Yes";"No";"Yes";"No";"16gF"
2603;1222;"Yes";"No";"Yes";"No";"16gF"
2641;1222;"Yes";"Yes";"Yes";"Yes";"16gF"
1216;1224;"Yes";"No";"Yes";"No";"16gA"
1452;1232;"Yes";"No";"Yes";"No";"16gE"
2697;1232;"Yes";"No";"Yes";"No";"16gE"
2228;1236;"Yes";"Yes";"Yes";"No";"16gA"
1252;1236;"Yes";"Yes";"Yes";"No";"16gA"
2907;1236;"Yes";"Yes";"No";"No";"16gA"
2228;1240;"Yes";"No";"Yes";"No";"16gF"
1222;1248;"Yes";"No";"No";"No";"16gG"
2639;1248;"Yes";"No";"No";"No";"16gG"
2955;1248;"Yes";"Yes";"Yes";"Yes";"16gG"
2603;1248;"Yes";"Yes";"No";"Yes";"16gG"
2595;1248;"Yes";"No";"Yes";"No";"16gG"
2646;1248;"Yes";"Yes";"Yes";"No";"16gG"
2641;1248;"Yes";"Yes";"Yes";"Yes";"16gG"
1236;1252;"Yes";"No";"Yes";"Yes";"16gC"
2228;1252;"Yes";"Yes";"Yes";"Yes";"16gC"
2727;1252;"Yes";"No";"Yes";"No";"16gC"
1157;1268;"Yes";"No";"Yes";"No";"14gC"
2032;1268;"Yes";"No";"No";"No";"14gC"
1629;1268;"Yes";"No";"Yes";"No";"14gC"
2158;1324;"Yes";"Yes";"Yes";"No";"14wB"
2125;1324;"Yes";"No";"Yes";"No";"14wB"
1107;1324;"Yes";"No";"Yes";"No";"14wB"
2164;1324;"Yes";"Yes";"Yes";"No";"14wB"
1107;1326;"Yes";"Yes";"Yes";"No";"14wB"
2186;1326;"Yes";"Yes";"No";"No";"14wB"
2174;1326;"Yes";"Yes";"No";"Yes";"14wB"
1952;1334;"Yes";"Yes";"No";"No";"15wB"
1214;1334;"Yes";"Yes";"Yes";"No";"15wB"
1880;1340;"Yes";"No";"Yes";"Yes";"15gC"
1854;1340;"Yes";"No";"Yes";"No";"15gC"
1480;1340;"Yes";"Yes";"No";"Yes";"15gC"
1858;1340;"Yes";"No";"Yes";"No";"15gC"
1486;1346;"Yes";"No";"No";"No";"15wB"
1378;1346;"Yes";"Yes";"Yes";"No";"15wB"
1964;1348;"Yes";"Yes";"No";"Yes";"15wB"
1204;1350;"Yes";"No";"Yes";"No";"15wA"
1478;1358;"Yes";"No";"No";"No";"15gF"
1476;1358;"Yes";"No";"No";"No";"15gF"
1480;1358;"Yes";"No";"No";"Yes";"15gF"
1412;1360;"Yes";"No";"No";"No";"15gB"
2220;1360;"Yes";"Yes";"Yes";"No";"15gB"
1916;1360;"Yes";"Yes";"Yes";"No";"15gB"
1416;1360;"Yes";"Yes";"Yes";"No";"15gB"
2119;1360;"Yes";"No";"No";"Yes";"15gB"
1643;1360;"Yes";"Yes";"Yes";"No";"15gB"
1884;1360;"Yes";"Yes";"Yes";"No";"15gB"
1846;1362;"Yes";"No";"Yes";"Yes";"15gG"
1474;1362;"Yes";"No";"Yes";"No";"15gG"
1478;1362;"Yes";"No";"No";"Yes";"15gG"
1495;1364;"Yes";"Yes";"Yes";"No";"15gA"
1424;1364;"Yes";"No";"Yes";"No";"15gA"
1892;1364;"Yes";"No";"Yes";"No";"15gA"
1382;1374;"Yes";"No";"No";"No";"15gF"
1376;1374;"Yes";"No";"Yes";"No";"15gF"
1854;1374;"Yes";"Yes";"No";"No";"15gF"
2194;1374;"Yes";"No";"No";"No";"15gF"
1482;1376;"Yes";"No";"Yes";"No";"15gG"
1382;1376;"Yes";"No";"Yes";"No";"15gG"
1486;1378;"Yes";"No";"No";"No";"15gG"
1346;1378;"Yes";"No";"No";"No";"15gG"
1376;1382;"Yes";"No";"Yes";"No";"15gF"
2194;1382;"Yes";"No";"No";"No";"15gF"
1374;1382;"Yes";"No";"Yes";"Yes";"15gF"
1898;1384;"Yes";"No";"No";"Yes";"15gE"
1842;1384;"Yes";"Yes";"Yes";"Yes";"15gE"
1876;1384;"Yes";"Yes";"Yes";"No";"15gE"
1683;1384;"Yes";"Yes";"Yes";"No";"15gE"
1950;1384;"Yes";"Yes";"Yes";"No";"15gE"
1681;1384;"Yes";"Yes";"Yes";"No";"15gE"
1886;1384;"Yes";"Yes";"No";"No";"15gE"
2206;1384;"Yes";"Yes";"No";"No";"15gE"
2032;1388;"Yes";"No";"No";"No";"14gF"
1613;1388;"Yes";"No";"No";"Yes";"14gF"
1990;1388;"Yes";"No";"No";"No";"14gF"
1605;1392;"Yes";"Yes";"Yes";"No";"14gF"
1619;1392;"Yes";"Yes";"Yes";"No";"14gF"
3046;1404;"Yes";"No";"Yes";"No";"15gC"
1836;1404;"Yes";"Yes";"Yes";"Yes";"15gC"
3039;1404;"Yes";"No";"Yes";"Yes";"15gC"
1410;1404;"Yes";"Yes";"Yes";"Yes";"15gC"
2178;1404;"Yes";"No";"Yes";"No";"15gC"
1625;1404;"Yes";"No";"Yes";"No";"15gC"
1444;1404;"Yes";"No";"Yes";"Yes";"15gC"
1476;1404;"Yes";"No";"Yes";"No";"15gC"
1422;1404;"Yes";"Yes";"Yes";"No";"15gC"
1811;1404;"Yes";"No";"Yes";"No";"15gC"
1408;1406;"Yes";"No";"Yes";"No";"14gH"
1418;1406;"Yes";"No";"No";"Yes";"14gH"
1801;1406;"Yes";"No";"No";"No";"14gH"
1858;1406;"Yes";"No";"Yes";"No";"14gH"
1087;1406;"Yes";"No";"Yes";"No";"14gH"
1470;1408;"Yes";"No";"Yes";"No";"15gA"
3020;1408;"Yes";"No";"Yes";"No";"15gA"
1406;1408;"Yes";"No";"Yes";"No";"15gA"
1418;1408;"Yes";"No";"Yes";"No";"15gA"
1844;1410;"Yes";"No";"Yes";"No";"15gD"
1416;1412;"Yes";"Yes";"Yes";"Yes";"15gB"
2192;1412;"Yes";"No";"No";"No";"15gB"
1360;1412;"Yes";"No";"Yes";"No";"15gB"
1862;1412;"Yes";"No";"Yes";"No";"15gB"
1643;1416;"Yes";"Yes";"Yes";"Yes";"15gB"
1693;1416;"Yes";"No";"Yes";"No";"15gB"
2192;1416;"Yes";"No";"Yes";"No";"15gB"
1920;1416;"Yes";"No";"Yes";"Yes";"15gB"
1813;1416;"Yes";"Yes";"No";"Yes";"15gB"
1870;1416;"Yes";"No";"No";"No";"15gB"
1079;1418;"Yes";"No";"No";"Yes";"15gE"
1406;1418;"Yes";"No";"No";"Yes";"15gE"
1801;1418;"Yes";"No";"No";"No";"15gE"
1858;1418;"Yes";"No";"Yes";"No";"15gE"
1408;1418;"Yes";"No";"Yes";"No";"15gE"
1063;1418;"Yes";"No";"Yes";"No";"15gE"
1448;1418;"Yes";"No";"No";"No";"15gE"
1470;1418;"Yes";"No";"Yes";"No";"15gE"
1424;1422;"Yes";"No";"No";"No";"14gE"
1641;1422;"Yes";"No";"No";"No";"14gE"
1495;1422;"Yes";"Yes";"Yes";"No";"14gE"
1801;1422;"Yes";"No";"Yes";"No";"14gE"
1113;1422;"Yes";"No";"No";"Yes";"14gE"
1364;1422;"Yes";"No";"Yes";"No";"14gE"
1978;1422;"Yes";"Yes";"No";"No";"14gE"
1422;1424;"Yes";"No";"No";"No";"15gA"
1364;1424;"Yes";"Yes";"Yes";"No";"15gA"
1495;1424;"Yes";"Yes";"Yes";"No";"15gA"
1791;1428;"Yes";"No";"No";"No";"14gG"
1805;1428;"Yes";"No";"No";"No";"14gG"
1807;1428;"Yes";"No";"No";"No";"14gG"
1986;1428;"Yes";"No";"No";"Yes";"14gG"
1992;1428;"Yes";"No";"Yes";"No";"14gG"
1990;1432;"Yes";"No";"Yes";"No";"14gF"
2121;1434;"Yes";"Yes";"No";"No";"14gB"
1631;1434;"Yes";"No";"Yes";"No";"14gB"
1157;1434;"Yes";"No";"Yes";"No";"14gB"
1998;1434;"Yes";"No";"Yes";"No";"14gB"
2105;1434;"Yes";"No";"Yes";"No";"14gB"
1713;1436;"Yes";"No";"No";"No";"14gG"
1089;1436;"Yes";"No";"No";"No";"14gG"
1811;1444;"Yes";"No";"No";"No";"14gH"
2178;1444;"Yes";"No";"Yes";"No";"14gH"
1428;1448;"Yes";"No";"No";"No";"15gE"
1681;1448;"Yes";"Yes";"Yes";"No";"15gE"
2474;1452;"Yes";"No";"No";"No";"16gB"
1232;1452;"Yes";"No";"Yes";"No";"16gB"
2728;1452;"Yes";"Yes";"Yes";"No";"16gB"
2744;1452;"Yes";"No";"Yes";"No";"16gB"
1655;1454;"Yes";"No";"Yes";"Yes";"16gG"
2520;1454;"Yes";"No";"Yes";"No";"16gG"
2546;1454;"Yes";"No";"Yes";"No";"16gG"
2646;1454;"Yes";"No";"Yes";"No";"16gG"
1926;1454;"Yes";"No";"Yes";"No";"16gG"
1872;1468;"Yes";"No";"Yes";"No";"15gC"
1109;1468;"Yes";"No";"Yes";"No";"15gC"
1476;1468;"Yes";"No";"Yes";"No";"15gC"
2200;1468;"Yes";"No";"Yes";"No";"15gC"
1862;1468;"Yes";"No";"Yes";"No";"15gC"
1964;1468;"Yes";"No";"Yes";"No";"15gC"
1693;1470;"Yes";"No";"No";"No";"15gA"
3020;1470;"Yes";"Yes";"Yes";"No";"15gA"
1408;1470;"Yes";"No";"Yes";"No";"15gA"
1476;1472;"Yes";"No";"Yes";"No";"16gC"
1482;1474;"Yes";"Yes";"Yes";"No";"15gG"
1874;1474;"Yes";"No";"No";"Yes";"15gG"
1685;1474;"Yes";"Yes";"Yes";"No";"15gG"
1966;1474;"Yes";"No";"Yes";"No";"15gG"
2218;1474;"Yes";"No";"Yes";"Yes";"15gG"
1362;1474;"Yes";"Yes";"Yes";"No";"15gG"
1472;1476;"Yes";"No";"Yes";"No";"15gC"
1880;1476;"Yes";"No";"Yes";"No";"15gC"
1480;1478;"Yes";"No";"No";"Yes";"15gF"
1699;1478;"Yes";"No";"Yes";"Yes";"15gF"
1358;1478;"Yes";"No";"No";"No";"15gF"
1914;1478;"Yes";"No";"Yes";"No";"15gF"
1846;1478;"Yes";"No";"Yes";"No";"15gF"
1362;1478;"Yes";"No";"Yes";"No";"15gF"
1382;1478;"Yes";"No";"Yes";"No";"15gF"
1870;1478;"Yes";"No";"Yes";"No";"15gF"
1938;1480;"Yes";"No";"Yes";"No";"15gF"
1478;1480;"Yes";"No";"No";"Yes";"15gF"
1699;1480;"Yes";"No";"Yes";"Yes";"15gF"
1358;1480;"Yes";"No";"Yes";"Yes";"15gF"
1382;1480;"Yes";"No";"Yes";"No";"15gF"
1880;1480;"Yes";"No";"Yes";"Yes";"15gF"
1340;1480;"Yes";"No";"Yes";"No";"15gF"
1854;1480;"Yes";"No";"Yes";"No";"15gF"
1474;1482;"Yes";"No";"No";"No";"15gG"
2194;1482;"Yes";"No";"Yes";"No";"15gG"
1376;1482;"Yes";"No";"Yes";"No";"15gG"
2218;1484;"Yes";"No";"Yes";"No";"15gB"
1412;1484;"Yes";"No";"No";"No";"15gB"
1920;1486;"Yes";"No";"Yes";"Yes";"15gF"
1364;1495;"Yes";"Yes";"Yes";"No";"15gA"
1424;1495;"Yes";"No";"Yes";"No";"15gA"
1892;1495;"Yes";"No";"Yes";"No";"15gA"
2206;1497;"Yes";"Yes";"No";"Yes";"15gD"
1886;1497;"Yes";"Yes";"No";"No";"15gD"
2018;1497;"Yes";"Yes";"No";"No";"15gD"
1836;1497;"Yes";"Yes";"Yes";"Yes";"15gD"
1844;1497;"Yes";"No";"No";"No";"15gD"
1384;1497;"Yes";"Yes";"Yes";"No";"15gD"
1432;1505;"Yes";"No";"No";"Yes";"15gG"
1647;1513;"Yes";"Yes";"No";"No";"15gA"
1597;1545;"Yes";"No";"Yes";"No";"14gG"
2032;1591;"Yes";"No";"Yes";"No";"14gC"
1087;1591;"Yes";"No";"Yes";"No";"14gC"
1607;1591;"Yes";"No";"Yes";"No";"14gC"
1629;1591;"Yes";"No";"Yes";"No";"14gC"
1599;1593;"Yes";"No";"Yes";"No";"14gF"
1605;1593;"Yes";"No";"Yes";"No";"14gF"
1627;1593;"Yes";"No";"Yes";"No";"14gF"
2107;1593;"Yes";"No";"Yes";"No";"14gF"
1601;1595;"Yes";"No";"No";"No";"14gB"
1597;1595;"Yes";"No";"Yes";"No";"14gB"
2018;1597;"Yes";"No";"No";"No";"14gG"
1545;1597;"Yes";"No";"Yes";"No";"14gG"
1621;1597;"Yes";"Yes";"No";"Yes";"14gG"
1595;1597;"Yes";"No";"Yes";"No";"14gG"
1805;1597;"Yes";"No";"Yes";"No";"14gG"
1807;1597;"Yes";"No";"Yes";"No";"14gG"
1593;1599;"Yes";"No";"Yes";"Yes";"14gF"
1595;1599;"Yes";"Yes";"No";"No";"14gF"
1639;1599;"Yes";"No";"Yes";"No";"14gF"
1605;1599;"Yes";"No";"Yes";"No";"14gF"
1838;1599;"Yes";"No";"No";"No";"14gF"
1595;1601;"Yes";"No";"No";"No";"14gB"
1099;1601;"Yes";"No";"Yes";"No";"14gB"
1938;1603;"Yes";"No";"No";"Yes";"14gF"
1974;1603;"Yes";"No";"Yes";"No";"14gF"
1392;1605;"Yes";"No";"No";"No";"14gF"
1619;1605;"Yes";"Yes";"Yes";"No";"14gF"
1603;1605;"Yes";"No";"Yes";"No";"14gF"
1613;1605;"Yes";"Yes";"No";"No";"14gF"
1609;1607;"Yes";"No";"Yes";"No";"14wA"
1858;1607;"Yes";"No";"Yes";"No";"14wA"
1920;1607;"Yes";"No";"No";"No";"14wA"
1087;1607;"Yes";"No";"Yes";"No";"14wA"
1627;1607;"Yes";"No";"Yes";"No";"14wA"
1069;1607;"Yes";"No";"Yes";"No";"14wA"
1472;1607;"Yes";"No";"Yes";"No";"14wA"
1607;1609;"Yes";"No";"Yes";"No";"14wA"
1388;1613;"Yes";"No";"No";"No";"14gF"
1990;1613;"Yes";"No";"No";"No";"14gF"
2022;1615;"Yes";"No";"Yes";"No";"14gE"
1619;1617;"Yes";"No";"No";"Yes";"14gA"
1637;1617;"Yes";"Yes";"Yes";"No";"14gA"
2105;1617;"Yes";"No";"No";"Yes";"14gA"
1392;1619;"Yes";"No";"No";"No";"14gF"
1605;1619;"Yes";"Yes";"Yes";"No";"14gF"
1617;1619;"Yes";"Yes";"Yes";"Yes";"14gF"
1807;1621;"Yes";"No";"No";"No";"14gG"
1597;1621;"Yes";"Yes";"Yes";"No";"14gG"
1643;1621;"Yes";"No";"No";"No";"14gG"
1992;1621;"Yes";"No";"Yes";"No";"14gG"
2018;1621;"Yes";"Yes";"No";"No";"14gG"
1713;1621;"Yes";"No";"No";"No";"14gG"
1621;1623;"Yes";"No";"No";"Yes";"14gH"
1619;1623;"Yes";"No";"Yes";"Yes";"14gH"
1410;1623;"Yes";"No";"Yes";"No";"14gH"
1340;1623;"Yes";"No";"No";"Yes";"14gH"
1617;1623;"Yes";"Yes";"Yes";"Yes";"14gH"
1629;1623;"Yes";"Yes";"No";"Yes";"14gH"
1974;1623;"Yes";"No";"Yes";"No";"14gH"
2002;1623;"Yes";"Yes";"Yes";"No";"14gH"
1623;1625;"Yes";"No";"No";"No";"14gH"
1836;1625;"Yes";"Yes";"Yes";"Yes";"14gH"
1168;1625;"Yes";"Yes";"Yes";"Yes";"14gH"
1404;1625;"Yes";"Yes";"Yes";"No";"14gH"
1621;1625;"Yes";"No";"Yes";"Yes";"14gH"
2002;1625;"Yes";"Yes";"Yes";"No";"14gH"
1268;1625;"Yes";"No";"Yes";"No";"14gH"
1998;1627;"Yes";"No";"No";"No";"14gD"
1069;1627;"Yes";"No";"No";"No";"14gD"
1390;1627;"Yes";"No";"Yes";"No";"14gD"
2107;1627;"Yes";"No";"Yes";"No";"14gD"
1826;1627;"Yes";"No";"Yes";"Yes";"14gD"
1591;1629;"Yes";"No";"Yes";"No";"14gC"
1434;1631;"Yes";"No";"Yes";"No";"14gB"
1609;1631;"Yes";"No";"No";"Yes";"14gB"
1974;1637;"Yes";"No";"Yes";"No";"14gA"
1643;1637;"Yes";"Yes";"Yes";"Yes";"14gA"
1838;1639;"Yes";"No";"No";"No";"14gF"
1073;1639;"Yes";"No";"No";"No";"14gF"
1599;1639;"Yes";"No";"No";"No";"14gF"
1392;1639;"Yes";"No";"Yes";"No";"14gF"
1605;1639;"Yes";"No";"Yes";"No";"14gF"
1637;1639;"Yes";"Yes";"No";"No";"14gF"
1422;1641;"Yes";"No";"No";"No";"14gE"
1392;1641;"Yes";"Yes";"Yes";"No";"14gE"
2119;1641;"Yes";"No";"No";"No";"14gE"
1424;1641;"Yes";"No";"No";"No";"14gE"
1416;1643;"Yes";"Yes";"Yes";"No";"15gB"
1693;1643;"Yes";"No";"Yes";"No";"15gB"
1813;1643;"Yes";"Yes";"No";"Yes";"15gB"
1870;1643;"Yes";"Yes";"No";"No";"15gB"
1470;1643;"Yes";"No";"Yes";"No";"15gB"
1639;1643;"Yes";"Yes";"Yes";"Yes";"15gB"
1513;1647;"Yes";"No";"Yes";"No";"15gA"
1892;1647;"Yes";"No";"Yes";"No";"15gA"
1896;1647;"Yes";"No";"No";"No";"15gA"
1683;1649;"Yes";"Yes";"Yes";"No";"15gE"
1842;1649;"Yes";"Yes";"Yes";"No";"15gE"
1448;1649;"Yes";"No";"No";"No";"15gE"
1844;1651;"Yes";"No";"No";"No";"15gD"
1497;1651;"Yes";"No";"Yes";"No";"15gD"
2206;1651;"Yes";"Yes";"Yes";"No";"15gD"
2018;1651;"Yes";"Yes";"No";"Yes";"15gD"
1886;1651;"Yes";"Yes";"Yes";"No";"15gD"
1902;1653;"Yes";"No";"No";"Yes";"15gE"
2576;1653;"Yes";"Yes";"No";"No";"15gE"
1448;1653;"Yes";"No";"No";"No";"15gE"
1926;1655;"Yes";"No";"Yes";"No";"16gF"
1216;1655;"Yes";"No";"Yes";"No";"16gF"
1454;1655;"Yes";"No";"Yes";"Yes";"16gF"
1350;1665;"Yes";"No";"Yes";"No";"15wB"
1679;1671;"Yes";"No";"Yes";"No";"15gD"
1490;1673;"Yes";"Yes";"Yes";"No";"15gA"
1872;1675;"Yes";"No";"No";"Yes";"15gC"
2200;1675;"Yes";"No";"Yes";"No";"15gC"
1894;1677;"Yes";"Yes";"Yes";"No";"15gC"
1468;1677;"Yes";"No";"Yes";"Yes";"15gC"
1872;1677;"Yes";"No";"Yes";"No";"15gC"
2200;1677;"Yes";"Yes";"Yes";"Yes";"15gC"
1892;1677;"Yes";"No";"No";"Yes";"15gC"
1884;1677;"Yes";"Yes";"Yes";"No";"15gC"
1452;1677;"Yes";"No";"Yes";"No";"15gC"
2200;1679;"Yes";"No";"Yes";"No";"15gD"
1685;1681;"Yes";"No";"No";"No";"15gE"
1448;1681;"Yes";"No";"Yes";"No";"15gE"
1683;1681;"Yes";"Yes";"Yes";"No";"15gE"
1468;1681;"Yes";"No";"Yes";"Yes";"15gE"
1842;1681;"Yes";"Yes";"Yes";"No";"15gE"
1842;1683;"Yes";"No";"Yes";"Yes";"15gE"
1681;1683;"Yes";"Yes";"Yes";"No";"15gE"
1384;1683;"Yes";"No";"Yes";"No";"15gE"
1681;1685;"Yes";"No";"No";"No";"16gG"
2641;1685;"Yes";"No";"Yes";"Yes";"16gG"
1362;1685;"Yes";"No";"No";"No";"16gG"
1474;1685;"Yes";"No";"Yes";"No";"16gG"
1964;1685;"Yes";"Yes";"No";"No";"16gG"
1468;1685;"Yes";"No";"Yes";"Yes";"16gG"
2570;1685;"Yes";"No";"Yes";"No";"16gG"
2620;1685;"Yes";"No";"Yes";"No";"16gG"
1966;1687;"Yes";"No";"Yes";"Yes";"15gG"
1681;1687;"Yes";"Yes";"Yes";"No";"15gG"
1468;1687;"Yes";"No";"Yes";"Yes";"15gG"
1470;1693;"Yes";"No";"No";"No";"15gB"
1643;1693;"Yes";"No";"Yes";"No";"15gB"
1358;1699;"Yes";"No";"Yes";"No";"15gF"
1480;1699;"Yes";"No";"No";"Yes";"15gF"
3046;1699;"Yes";"No";"Yes";"No";"15gF"
1478;1699;"Yes";"No";"No";"Yes";"15gF"
1846;1699;"Yes";"Yes";"Yes";"No";"15gF"
1472;1699;"Yes";"No";"Yes";"No";"15gF"
1486;1699;"Yes";"No";"Yes";"No";"15gF"
1878;1699;"Yes";"No";"No";"No";"15gF"
1914;1699;"Yes";"No";"Yes";"No";"15gF"
1966;1699;"Yes";"No";"No";"No";"15gF"
1362;1699;"Yes";"No";"Yes";"Yes";"15gF"
1902;1701;"Yes";"Yes";"No";"No";"15gE"
2576;1701;"Yes";"Yes";"No";"No";"15gE"
1653;1701;"Yes";"Yes";"Yes";"Yes";"15gE"
1089;1713;"Yes";"No";"No";"No";"14gG"
1436;1713;"Yes";"Yes";"Yes";"Yes";"14gG"
1884;1745;"Yes";"Yes";"No";"Yes";"14gC"
1133;1745;"Yes";"No";"Yes";"No";"14gC"
2006;1745;"Yes";"No";"Yes";"No";"14gC"
1539;1763;"Yes";"No";"Yes";"No";"14gE"
1795;1783;"Yes";"Yes";"Yes";"No";"14gA"
1978;1783;"Yes";"No";"No";"No";"14gA"
1063;1783;"Yes";"No";"No";"Yes";"14gA"
1095;1783;"Yes";"No";"No";"No";"14gA"
1428;1791;"Yes";"No";"No";"No";"14gA"
1795;1791;"Yes";"Yes";"Yes";"No";"14gA"
2000;1791;"Yes";"No";"Yes";"No";"14gA"
1811;1799;"Yes";"No";"No";"No";"14gH"
1807;1799;"Yes";"No";"Yes";"No";"14gH"
2109;1799;"Yes";"No";"Yes";"Yes";"14gH"
1133;1799;"Yes";"No";"Yes";"No";"14gH"
1268;1799;"Yes";"No";"Yes";"No";"14gH"
1404;1799;"Yes";"No";"No";"Yes";"14gH"
1444;1799;"Yes";"No";"Yes";"No";"14gH"
2178;1799;"Yes";"No";"Yes";"No";"14gH"
1406;1801;"Yes";"No";"No";"No";"14gE"
1087;1801;"Yes";"No";"Yes";"No";"14gE"
1418;1801;"Yes";"No";"No";"No";"14gE"
1428;1805;"Yes";"No";"No";"No";"14gG"
1986;1805;"Yes";"No";"Yes";"No";"14gG"
1621;1807;"Yes";"No";"No";"Yes";"14gG"
1992;1807;"Yes";"No";"Yes";"No";"14gG"
1811;1807;"Yes";"No";"No";"Yes";"14gG"
1444;1811;"Yes";"No";"No";"No";"14gH"
1807;1811;"Yes";"No";"Yes";"No";"14gH"
1065;1813;"Yes";"Yes";"Yes";"No";"14gG"
2002;1813;"Yes";"Yes";"Yes";"No";"14gG"
1643;1813;"Yes";"Yes";"Yes";"No";"14gG"
1597;1813;"Yes";"Yes";"Yes";"No";"14gG"
2103;1813;"Yes";"Yes";"No";"No";"14gG"
1111;1813;"Yes";"No";"Yes";"No";"14gG"
1416;1813;"Yes";"Yes";"Yes";"No";"14gG"
1428;1813;"Yes";"Yes";"Yes";"No";"14gG"
1826;1816;"Yes";"No";"Yes";"No";"14gC"
1838;1816;"Yes";"No";"No";"No";"14gC"
2107;1822;"Yes";"No";"Yes";"No";"14gD"
1824;1822;"Yes";"No";"Yes";"No";"14gD"
1816;1822;"Yes";"No";"Yes";"No";"14gD"
1069;1822;"Yes";"No";"Yes";"No";"14gD"
1826;1822;"Yes";"No";"Yes";"Yes";"14gD"
1838;1822;"Yes";"No";"No";"No";"14gD"
1087;1822;"Yes";"No";"Yes";"No";"14gD"
1390;1822;"Yes";"No";"Yes";"No";"14gD"
1816;1824;"Yes";"No";"Yes";"No";"14gD"
2107;1824;"Yes";"No";"Yes";"No";"14gD"
1069;1824;"Yes";"No";"Yes";"No";"14gD"
1826;1824;"Yes";"No";"Yes";"No";"14gD"
1627;1826;"Yes";"No";"Yes";"No";"14gD"
1838;1826;"Yes";"No";"No";"No";"14gD"
1069;1826;"Yes";"No";"No";"No";"14gD"
1816;1826;"Yes";"No";"Yes";"No";"14gD"
2107;1826;"Yes";"No";"Yes";"No";"14gD"
1390;1826;"Yes";"No";"Yes";"No";"14gD"
2026;1828;"Yes";"No";"No";"Yes";"14gE"
1113;1828;"Yes";"No";"No";"Yes";"14gE"
1384;1836;"Yes";"Yes";"Yes";"No";"15gD"
1916;1836;"Yes";"Yes";"No";"No";"15gD"
2202;1836;"Yes";"Yes";"Yes";"No";"15gD"
1886;1836;"Yes";"Yes";"No";"No";"15gD"
1404;1836;"Yes";"No";"Yes";"Yes";"15gD"
1497;1836;"Yes";"Yes";"Yes";"Yes";"15gD"
1410;1836;"Yes";"No";"Yes";"No";"15gD"
1444;1836;"Yes";"Yes";"Yes";"No";"15gD"
2206;1836;"Yes";"Yes";"Yes";"No";"15gD"
1816;1838;"Yes";"No";"Yes";"No";"14gF"
1826;1838;"Yes";"No";"Yes";"Yes";"14gF"
1639;1838;"Yes";"No";"Yes";"No";"14gF"
1073;1838;"Yes";"No";"No";"No";"14gF"
1599;1838;"Yes";"No";"No";"No";"14gF"
1683;1842;"Yes";"Yes";"No";"Yes";"15gE"
1384;1842;"Yes";"Yes";"Yes";"No";"15gE"
1679;1844;"Yes";"No";"Yes";"No";"15gD"
1362;1846;"Yes";"No";"No";"No";"15gG"
1478;1846;"Yes";"No";"No";"Yes";"15gG"
1862;1848;"Yes";"No";"Yes";"No";"15gF"
1914;1848;"Yes";"No";"Yes";"No";"15gF"
1914;1852;"Yes";"No";"Yes";"No";"15gB"
1340;1854;"Yes";"Yes";"Yes";"No";"15gC"
1880;1854;"Yes";"No";"Yes";"Yes";"15gC"
1374;1854;"Yes";"Yes";"Yes";"Yes";"15gC"
1480;1854;"Yes";"Yes";"No";"Yes";"15gC"
1858;1854;"Yes";"No";"Yes";"No";"15gC"
1340;1858;"Yes";"No";"Yes";"No";"15gC"
1406;1858;"Yes";"No";"No";"No";"15gC"
1408;1858;"Yes";"No";"No";"Yes";"15gC"
1854;1858;"Yes";"No";"Yes";"No";"15gC"
1880;1858;"Yes";"No";"Yes";"Yes";"15gC"
1418;1858;"Yes";"No";"No";"No";"15gC"
1848;1862;"Yes";"No";"Yes";"No";"15gF"
1876;1862;"Yes";"No";"No";"No";"15gF"
1914;1862;"Yes";"No";"No";"No";"15gF"
1870;1862;"Yes";"No";"Yes";"No";"15gF"
1416;1870;"Yes";"Yes";"Yes";"No";"16gA"
2614;1870;"Yes";"No";"Yes";"No";"16gA"
1468;1872;"Yes";"No";"Yes";"Yes";"15gC"
2200;1872;"Yes";"No";"Yes";"Yes";"15gC"
1675;1872;"Yes";"No";"Yes";"No";"15gC"
1474;1874;"Yes";"No";"Yes";"No";"15gG"
1862;1876;"Yes";"No";"No";"Yes";"15gF"
1870;1876;"Yes";"Yes";"No";"No";"15gF"
1966;1878;"Yes";"No";"No";"No";"15gD"
1854;1880;"Yes";"No";"Yes";"No";"15gC"
1340;1880;"Yes";"No";"Yes";"No";"15gC"
1480;1880;"Yes";"No";"No";"Yes";"15gC"
1858;1880;"Yes";"No";"Yes";"No";"15gC"
1360;1884;"Yes";"No";"Yes";"No";"15gC"
1745;1884;"Yes";"No";"No";"No";"15gC"
1358;1884;"Yes";"Yes";"Yes";"No";"15gC"
1872;1884;"Yes";"No";"Yes";"No";"15gC"
1876;1884;"Yes";"Yes";"Yes";"No";"15gC"
1109;1884;"Yes";"Yes";"Yes";"No";"15gC"
1472;1884;"Yes";"No";"Yes";"No";"15gC"
1916;1884;"Yes";"Yes";"No";"No";"15gC"
2200;1884;"Yes";"No";"Yes";"No";"15gC"
1468;1884;"Yes";"No";"Yes";"No";"15gC"
1894;1884;"Yes";"Yes";"No";"Yes";"15gC"
2206;1886;"Yes";"Yes";"No";"Yes";"15gD"
1497;1886;"Yes";"Yes";"No";"Yes";"15gD"
1384;1886;"Yes";"Yes";"Yes";"No";"15gD"
1916;1886;"Yes";"No";"No";"No";"15gD"
1896;1892;"Yes";"No";"No";"No";"15gA"
1513;1892;"Yes";"No";"Yes";"No";"15gA"
1647;1892;"Yes";"No";"Yes";"No";"15gA"
1364;1892;"Yes";"No";"Yes";"No";"15gA"
1894;1892;"Yes";"Yes";"No";"Yes";"15gA"
1360;1892;"Yes";"No";"Yes";"No";"15gA"
1495;1892;"Yes";"Yes";"Yes";"No";"15gA"
1360;1894;"Yes";"No";"Yes";"No";"15gC"
1677;1894;"Yes";"Yes";"Yes";"Yes";"15gC"
1884;1894;"Yes";"Yes";"No";"Yes";"15gC"
1472;1894;"Yes";"No";"Yes";"No";"15gC"
1892;1896;"Yes";"Yes";"Yes";"Yes";"15gA"
1647;1896;"Yes";"No";"Yes";"No";"15gA"
1884;1896;"Yes";"No";"Yes";"Yes";"15gA"
1902;1896;"Yes";"Yes";"Yes";"Yes";"15gA"
1513;1896;"Yes";"No";"Yes";"No";"15gA"
1495;1896;"Yes";"Yes";"Yes";"No";"15gA"
1894;1896;"Yes";"Yes";"No";"Yes";"15gA"
1412;1896;"Yes";"No";"No";"Yes";"15gA"
1384;1898;"Yes";"Yes";"Yes";"Yes";"15gD"
1916;1898;"Yes";"Yes";"No";"Yes";"15gD"
1950;1898;"Yes";"Yes";"Yes";"No";"15gD"
1671;1898;"Yes";"No";"No";"Yes";"15gD"
1886;1898;"Yes";"Yes";"No";"No";"15gD"
1876;1898;"Yes";"Yes";"No";"Yes";"15gD"
2206;1898;"Yes";"Yes";"Yes";"No";"15gD"
1878;1898;"Yes";"Yes";"Yes";"No";"15gD"
1448;1900;"Yes";"No";"No";"No";"15gE"
1878;1900;"Yes";"No";"No";"No";"15gE"
1681;1900;"Yes";"Yes";"Yes";"No";"15gE"
1683;1900;"Yes";"Yes";"Yes";"No";"15gE"
1842;1900;"Yes";"Yes";"Yes";"No";"15gE"
1699;1900;"Yes";"Yes";"No";"Yes";"15gE"
1966;1900;"Yes";"No";"No";"No";"15gE"
1653;1902;"Yes";"Yes";"Yes";"Yes";"15gE"
1852;1914;"Yes";"No";"No";"No";"15gF"
1862;1914;"Yes";"No";"No";"No";"15gF"
1848;1914;"Yes";"No";"Yes";"No";"15gF"
1478;1914;"Yes";"No";"No";"Yes";"15gF"
2202;1916;"Yes";"No";"Yes";"Yes";"15gD"
2119;1916;"Yes";"Yes";"No";"No";"15gD"
1878;1916;"Yes";"Yes";"Yes";"No";"15gD"
2747;1926;"Yes";"No";"No";"Yes";"16gF"
1655;1926;"Yes";"No";"Yes";"Yes";"16gF"
2504;1930;"Yes";"No";"No";"Yes";"16gE"
2627;1930;"Yes";"Yes";"No";"No";"16gE"
3035;1930;"Yes";"No";"Yes";"No";"16gE"
1603;1938;"Yes";"No";"No";"Yes";"15gF"
1480;1938;"Yes";"No";"No";"Yes";"15gF"
1880;1938;"Yes";"No";"Yes";"Yes";"15gF"
1214;1952;"Yes";"Yes";"Yes";"No";"15wA"
1448;1964;"Yes";"No";"No";"Yes";"15gG"
1470;1964;"Yes";"No";"Yes";"No";"15gG"
2000;1964;"Yes";"No";"Yes";"No";"15gG"
1878;1966;"Yes";"No";"No";"No";"15gG"
1687;1966;"Yes";"Yes";"No";"No";"15gG"
1362;1966;"Yes";"No";"Yes";"No";"15gG"
1474;1966;"Yes";"No";"Yes";"No";"15gG"
1970;1968;"Yes";"No";"Yes";"No";"15wB"
1665;1968;"Yes";"No";"Yes";"No";"15wB"
1204;1970;"Yes";"No";"Yes";"No";"15wA"
1350;1970;"Yes";"No";"Yes";"No";"15wA"
1603;1974;"Yes";"No";"Yes";"No";"14gA"
1637;1974;"Yes";"No";"Yes";"No";"14gA"
1617;1974;"Yes";"No";"Yes";"No";"14gA"
1643;1974;"Yes";"No";"No";"Yes";"14gA"
1783;1978;"Yes";"Yes";"Yes";"Yes";"14gA"
1063;1978;"Yes";"No";"No";"Yes";"14gA"
1348;1978;"Yes";"No";"Yes";"Yes";"14gA"
1125;1978;"Yes";"Yes";"Yes";"Yes";"14gA"
1795;1978;"Yes";"Yes";"Yes";"No";"14gA"
1422;1978;"Yes";"Yes";"No";"No";"14gA"
1982;1978;"Yes";"Yes";"Yes";"No";"14gA"
1113;1982;"Yes";"No";"No";"No";"14gE"
2022;1982;"Yes";"No";"Yes";"No";"14gE"
1061;1982;"Yes";"Yes";"Yes";"Yes";"14gE"
1978;1982;"Yes";"No";"No";"No";"14gE"
1067;1982;"Yes";"Yes";"No";"Yes";"14gE"
2006;1984;"Yes";"No";"No";"No";"14gC"
1992;1986;"Yes";"No";"Yes";"No";"14gG"
1805;1986;"Yes";"No";"Yes";"No";"14gG"
2552;1990;"Yes";"No";"No";"Yes";"14gF"
2741;1990;"Yes";"No";"No";"No";"14gF"
1388;1990;"Yes";"No";"Yes";"No";"14gF"
1613;1990;"Yes";"No";"Yes";"No";"14gF"
2119;1994;"Yes";"No";"No";"No";"14gB"
1099;1994;"Yes";"Yes";"Yes";"No";"14gB"
1601;1994;"Yes";"No";"Yes";"Yes";"14gB"
2121;1994;"Yes";"Yes";"Yes";"No";"14gB"
1984;1994;"Yes";"No";"Yes";"No";"14gB"
1168;1994;"Yes";"No";"No";"No";"14gB"
1627;1998;"Yes";"No";"No";"No";"14gB"
2107;1998;"Yes";"No";"Yes";"No";"14gB"
1613;1998;"Yes";"No";"Yes";"No";"14gB"
1390;2000;"Yes";"No";"Yes";"No";"14gA"
1801;2000;"Yes";"No";"No";"No";"14gA"
1795;2000;"Yes";"No";"Yes";"Yes";"14gA"
1998;2000;"Yes";"No";"Yes";"No";"14gA"
2178;2002;"Yes";"No";"Yes";"No";"14gH"
1404;2002;"Yes";"Yes";"Yes";"Yes";"14gH"
1623;2002;"Yes";"No";"Yes";"No";"14gH"
1813;2002;"Yes";"Yes";"No";"Yes";"14gH"
2166;2002;"Yes";"No";"Yes";"No";"14gH"
1984;2006;"Yes";"No";"Yes";"No";"14gC"
1410;2018;"Yes";"Yes";"Yes";"No";"15gD"
1886;2018;"Yes";"Yes";"No";"No";"15gD"
1497;2018;"Yes";"Yes";"Yes";"No";"15gD"
1428;2018;"Yes";"No";"No";"Yes";"15gD"
1597;2018;"Yes";"Yes";"No";"Yes";"15gD"
1844;2018;"Yes";"No";"No";"No";"15gD"
2206;2018;"Yes";"Yes";"No";"Yes";"15gD"
1621;2018;"Yes";"Yes";"No";"Yes";"15gD"
1651;2018;"Yes";"No";"Yes";"Yes";"15gD"
2026;2018;"Yes";"No";"Yes";"No";"15gD"
1615;2022;"Yes";"No";"Yes";"No";"14gE"
2162;2022;"Yes";"No";"No";"No";"14gE"
2026;2022;"Yes";"No";"Yes";"No";"14gE"
1061;2022;"Yes";"No";"Yes";"No";"14gE"
1828;2026;"Yes";"Yes";"No";"Yes";"14gE"
1113;2026;"Yes";"No";"No";"Yes";"14gE"
2022;2026;"Yes";"No";"Yes";"No";"14gE"
1101;2028;"Yes";"No";"Yes";"No";"14gD"
2103;2028;"Yes";"No";"Yes";"No";"14gD"
1061;2028;"Yes";"Yes";"No";"No";"14gD"
1390;2028;"Yes";"No";"Yes";"No";"14gD"
1992;2028;"Yes";"No";"Yes";"No";"14gD"
1268;2032;"Yes";"No";"No";"Yes";"14gF"
1613;2032;"Yes";"No";"No";"No";"14gF"
1388;2032;"Yes";"No";"No";"No";"14gF"
1990;2032;"Yes";"No";"No";"No";"14gF"
2498;2032;"Yes";"No";"No";"Yes";"14gF"
1617;2105;"Yes";"No";"Yes";"Yes";"14gA"
1434;2105;"Yes";"No";"Yes";"No";"14gA"
1069;2107;"Yes";"No";"No";"No";"14gD"
1390;2107;"Yes";"No";"Yes";"No";"14gD"
1627;2107;"Yes";"No";"Yes";"No";"14gD"
1065;2109;"Yes";"Yes";"Yes";"No";"14gD"
1101;2115;"Yes";"No";"No";"Yes";"14gG"
2121;2115;"Yes";"Yes";"No";"Yes";"14gG"
1994;2119;"Yes";"No";"No";"No";"14gB"
1157;2119;"Yes";"No";"No";"No";"14gB"
1641;2119;"Yes";"No";"No";"No";"14gB"
2156;2119;"Yes";"No";"No";"No";"14gB"
1099;2119;"Yes";"Yes";"Yes";"Yes";"14gB"
1539;2119;"Yes";"No";"Yes";"No";"14gB"
2115;2121;"Yes";"Yes";"Yes";"Yes";"14gB"
2119;2121;"Yes";"No";"No";"No";"14gB"
2156;2121;"Yes";"No";"No";"No";"14gB"
1434;2121;"Yes";"Yes";"Yes";"No";"14gB"
1994;2121;"Yes";"No";"Yes";"No";"14gB"
1601;2121;"Yes";"No";"Yes";"No";"14gB"
2174;2156;"Yes";"No";"Yes";"No";"14wA"
1607;2156;"Yes";"No";"Yes";"No";"14wA"
2164;2156;"Yes";"Yes";"Yes";"No";"14wA"
2121;2156;"Yes";"Yes";"No";"Yes";"14wA"
2188;2156;"Yes";"No";"Yes";"Yes";"14wA"
1324;2158;"Yes";"Yes";"Yes";"Yes";"14wA"
2125;2158;"Yes";"Yes";"No";"No";"14wA"
2164;2158;"Yes";"Yes";"Yes";"No";"14wA"
2188;2158;"Yes";"Yes";"Yes";"Yes";"14wA"
2022;2162;"Yes";"No";"No";"No";"14wB"
1107;2162;"Yes";"No";"Yes";"No";"14wB"
2188;2164;"Yes";"Yes";"Yes";"Yes";"14wA"
1545;2166;"Yes";"No";"No";"Yes";"14gH"
2002;2166;"Yes";"No";"Yes";"No";"14gH"
2105;2166;"Yes";"No";"No";"Yes";"14gH"
2178;2166;"Yes";"No";"Yes";"No";"14gH"
1623;2166;"Yes";"No";"Yes";"No";"14gH"
1326;2174;"Yes";"No";"No";"Yes";"14wB"
2815;2174;"Yes";"No";"No";"Yes";"14wB"
1109;2178;"Yes";"Yes";"Yes";"No";"14gH"
2002;2178;"Yes";"No";"Yes";"No";"14gH"
1107;2186;"Yes";"No";"Yes";"No";"14wB"
1326;2186;"Yes";"Yes";"No";"Yes";"14wB"
2174;2186;"Yes";"Yes";"Yes";"No";"14wB"
2125;2188;"Yes";"No";"No";"No";"14wA"
1416;2192;"Yes";"Yes";"Yes";"Yes";"15gB"
1482;2192;"Yes";"No";"Yes";"No";"15gB"
1382;2194;"Yes";"No";"No";"Yes";"15gG"
1374;2194;"Yes";"No";"No";"Yes";"15gG"
1513;2196;"Yes";"No";"Yes";"No";"15gA"
1647;2196;"Yes";"No";"Yes";"No";"15gA"
1677;2200;"Yes";"No";"Yes";"Yes";"15gC"
1468;2200;"Yes";"No";"Yes";"Yes";"15gC"
1872;2200;"Yes";"No";"Yes";"No";"15gC"
1916;2202;"Yes";"Yes";"No";"Yes";"15gD"
1950;2202;"Yes";"Yes";"Yes";"No";"15gD"
1679;2202;"Yes";"No";"Yes";"No";"15gD"
1836;2202;"Yes";"Yes";"Yes";"Yes";"15gD"
1844;2202;"Yes";"No";"Yes";"No";"15gD"
1886;2206;"Yes";"Yes";"No";"No";"15gD"
1497;2206;"Yes";"Yes";"No";"No";"15gD"
1844;2206;"Yes";"No";"No";"No";"15gD"
1410;2206;"Yes";"Yes";"Yes";"No";"15gD"
2202;2206;"Yes";"No";"Yes";"No";"15gD"
1384;2206;"Yes";"Yes";"Yes";"No";"15gD"
1836;2206;"Yes";"Yes";"Yes";"Yes";"15gD"
1625;2210;"Yes";"No";"No";"Yes";"15gD"
1844;2210;"Yes";"No";"No";"No";"15gD"
1497;2210;"Yes";"Yes";"No";"Yes";"15gD"
1412;2218;"Yes";"No";"No";"Yes";"15gB"
1874;2218;"Yes";"Yes";"No";"Yes";"15gB"
1360;2220;"Yes";"Yes";"No";"No";"16gD"
2907;2228;"Yes";"Yes";"No";"No";"17qA"
2662;2228;"Yes";"No";"Yes";"No";"17qA"
1236;2228;"Yes";"Yes";"Yes";"No";"17qA"
1240;2228;"Yes";"No";"Yes";"No";"17qA"
1252;2228;"Yes";"Yes";"Yes";"No";"17qA"
1190;2238;"Yes";"No";"No";"No";"15wB"
1452;2474;"Yes";"Yes";"Yes";"Yes";"16gC"
2506;2474;"Yes";"No";"Yes";"No";"16gC"
1232;2474;"Yes";"Yes";"No";"No";"16gC"
2557;2484;"Yes";"Yes";"Yes";"No";"16gE"
2559;2484;"Yes";"Yes";"No";"No";"16gE"
2576;2484;"Yes";"No";"No";"No";"16gE"
1902;2484;"Yes";"Yes";"No";"Yes";"16gE"
2504;2486;"Yes";"Yes";"Yes";"Yes";"16gD"
2580;2486;"Yes";"Yes";"No";"No";"16gD"
2980;2486;"Yes";"No";"No";"Yes";"16gD"
1930;2486;"Yes";"Yes";"No";"No";"16gD"
2801;2486;"Yes";"Yes";"No";"Yes";"16gD"
2032;2486;"Yes";"No";"No";"Yes";"16gD"
2980;2488;"Yes";"No";"Yes";"Yes";"16gA"
2498;2492;"Yes";"No";"No";"Yes";"16gD"
2673;2492;"Yes";"No";"No";"No";"16gD"
2500;2492;"Yes";"No";"Yes";"Yes";"16gD"
2715;2492;"Yes";"Yes";"Yes";"No";"16gD"
2597;2492;"Yes";"No";"Yes";"Yes";"16gD"
2500;2494;"Yes";"No";"Yes";"No";"16gB"
2502;2494;"Yes";"No";"Yes";"No";"16gB"
2659;2494;"Yes";"No";"Yes";"No";"16gB"
2526;2494;"Yes";"No";"Yes";"No";"16gB"
2524;2498;"Yes";"No";"No";"No";"16gE"
3039;2498;"Yes";"No";"Yes";"No";"16gE"
2492;2498;"Yes";"No";"No";"Yes";"16gE"
2734;2498;"Yes";"No";"Yes";"No";"16gE"
2500;2498;"Yes";"No";"Yes";"No";"16gE"
2733;2498;"Yes";"No";"Yes";"No";"16gE"
2526;2500;"Yes";"No";"No";"Yes";"16gB"
2494;2500;"Yes";"Yes";"Yes";"No";"16gB"
2659;2500;"Yes";"No";"Yes";"No";"16gB"
2492;2500;"Yes";"No";"No";"Yes";"16gB"
2659;2502;"Yes";"No";"Yes";"No";"16gB"
2526;2502;"Yes";"No";"No";"Yes";"16gB"
2494;2502;"Yes";"Yes";"Yes";"No";"16gB"
2492;2502;"Yes";"No";"No";"Yes";"16gB"
1930;2504;"Yes";"Yes";"Yes";"Yes";"16gD"
2486;2504;"Yes";"Yes";"Yes";"No";"16gD"
2627;2504;"Yes";"No";"Yes";"No";"16gD"
2474;2504;"Yes";"No";"Yes";"No";"16gD"
2474;2512;"Yes";"No";"Yes";"No";"16gC"
2990;2512;"Yes";"No";"No";"Yes";"16gC"
2522;2520;"Yes";"No";"Yes";"No";"16gG"
2546;2520;"Yes";"No";"Yes";"No";"16gG"
2520;2522;"Yes";"No";"Yes";"Yes";"16gG"
2940;2522;"Yes";"No";"No";"Yes";"16gG"
2546;2522;"Yes";"No";"Yes";"No";"16gG"
2498;2524;"Yes";"No";"No";"Yes";"16gA"
2840;2524;"Yes";"No";"No";"Yes";"16gA"
1236;2524;"Yes";"No";"Yes";"No";"16gA"
1248;2524;"Yes";"No";"Yes";"No";"16gA"
2494;2526;"Yes";"Yes";"Yes";"No";"16gB"
2500;2526;"Yes";"No";"No";"No";"16gB"
2502;2526;"Yes";"No";"No";"No";"16gB"
2659;2526;"Yes";"No";"Yes";"No";"16gB"
2492;2526;"Yes";"No";"No";"Yes";"16gB"
2032;2526;"Yes";"No";"No";"No";"16gB"
2568;2535;"Yes";"No";"Yes";"No";"16gA"
1252;2538;"Yes";"No";"Yes";"No";"16gC"
2727;2538;"Yes";"Yes";"No";"No";"16gC"
2546;2538;"Yes";"No";"Yes";"No";"16gC"
2566;2540;"Yes";"No";"Yes";"No";"16gF"
2747;2540;"Yes";"No";"No";"No";"16gF"
2542;2542;"Yes";"Yes";"Yes";"No";"16gD"
2610;2542;"Yes";"No";"Yes";"No";"16gD"
2627;2542;"Yes";"Yes";"No";"No";"16gD"
2552;2546;"Yes";"No";"Yes";"No";"16gG"
2683;2548;"Yes";"No";"Yes";"No";"16gB"
2741;2548;"Yes";"No";"No";"No";"16gB"
2770;2548;"Yes";"Yes";"Yes";"No";"16gB"
1222;2550;"Yes";"No";"Yes";"No";"16gF"
2727;2550;"Yes";"No";"No";"No";"16gF"
2552;2550;"Yes";"Yes";"Yes";"Yes";"16gF"
2550;2552;"Yes";"No";"No";"No";"16gG"
2546;2552;"Yes";"No";"Yes";"No";"16gG"
2727;2552;"Yes";"No";"No";"No";"16gG"
2524;2552;"Yes";"No";"Yes";"No";"16gG"
1990;2552;"Yes";"No";"No";"Yes";"16gG"
2498;2554;"Yes";"No";"No";"Yes";"16gF"
2559;2554;"Yes";"No";"No";"Yes";"16gF"
2484;2557;"Yes";"No";"Yes";"Yes";"16gE"
2733;2557;"Yes";"No";"Yes";"Yes";"16gE"
1902;2557;"Yes";"No";"No";"Yes";"16gE"
2559;2557;"Yes";"Yes";"No";"No";"16gE"
2554;2559;"Yes";"No";"Yes";"Yes";"16gE"
2770;2559;"Yes";"Yes";"No";"No";"16gE"
2557;2559;"Yes";"Yes";"Yes";"No";"16gE"
2484;2559;"Yes";"Yes";"Yes";"No";"16gE"
2576;2559;"Yes";"Yes";"Yes";"No";"16gE"
2566;2561;"Yes";"No";"Yes";"No";"16gF"
2554;2561;"Yes";"No";"Yes";"Yes";"16gF"
2685;2561;"Yes";"No";"No";"No";"16gF"
2194;2561;"Yes";"No";"No";"Yes";"16gF"
2840;2566;"Yes";"No";"No";"Yes";"16gF"
2540;2566;"Yes";"No";"Yes";"No";"16gF"
2685;2566;"Yes";"No";"Yes";"No";"16gF"
2561;2566;"Yes";"No";"Yes";"No";"16gF"
2705;2574;"Yes";"No";"No";"No";"16gG"
2570;2574;"Yes";"Yes";"Yes";"No";"16gG"
2635;2574;"Yes";"Yes";"Yes";"No";"16gG"
2520;2574;"Yes";"No";"Yes";"No";"16gG"
1232;2576;"Yes";"No";"Yes";"No";"16gE"
2557;2576;"Yes";"Yes";"Yes";"No";"16gE"
2559;2576;"Yes";"Yes";"No";"No";"16gE"
2484;2576;"Yes";"Yes";"Yes";"No";"16gE"
2570;2576;"Yes";"Yes";"Yes";"No";"16gE"
2486;2580;"Yes";"No";"Yes";"No";"16gF"
2697;2580;"Yes";"No";"No";"No";"16gF"
2695;2580;"Yes";"No";"No";"No";"16gF"
2599;2593;"Yes";"No";"Yes";"No";"16gB"
2603;2593;"Yes";"No";"No";"No";"16gB"
2741;2593;"Yes";"No";"No";"No";"16gB"
2683;2593;"Yes";"No";"Yes";"No";"16gB"
2815;2593;"Yes";"No";"No";"Yes";"16gB"
2770;2593;"Yes";"Yes";"Yes";"No";"16gB"
2603;2595;"Yes";"No";"No";"Yes";"16gA"
2673;2597;"Yes";"No";"No";"No";"16gD"
2715;2597;"Yes";"Yes";"Yes";"No";"16gD"
2698;2597;"Yes";"Yes";"Yes";"No";"16gD"
2492;2597;"Yes";"No";"No";"Yes";"16gD"
2631;2597;"Yes";"No";"No";"No";"16gD"
2568;2599;"Yes";"No";"Yes";"No";"16gA"
2593;2599;"Yes";"No";"No";"Yes";"16gA"
2595;2603;"Yes";"No";"No";"No";"16gG"
1248;2603;"Yes";"Yes";"Yes";"No";"16gG"
2641;2603;"Yes";"Yes";"Yes";"Yes";"16gG"
3026;2603;"Yes";"No";"No";"No";"16gG"
2955;2603;"Yes";"Yes";"Yes";"Yes";"16gG"
2593;2603;"Yes";"Yes";"No";"Yes";"16gG"
2599;2603;"Yes";"Yes";"No";"No";"16gG"
2646;2603;"Yes";"Yes";"Yes";"No";"16gG"
1222;2603;"Yes";"No";"Yes";"No";"16gG"
2635;2603;"Yes";"Yes";"Yes";"No";"16gG"
3039;2603;"Yes";"No";"Yes";"No";"16gG"
2624;2610;"Yes";"No";"Yes";"No";"16gD"
2542;2610;"Yes";"No";"Yes";"No";"16gD"
2618;2614;"Yes";"Yes";"Yes";"Yes";"16gA"
1216;2614;"Yes";"No";"Yes";"No";"16gA"
2766;2616;"Yes";"No";"Yes";"No";"16gC"
1216;2618;"Yes";"No";"Yes";"No";"16gA"
2614;2618;"Yes";"No";"Yes";"No";"16gA"
2616;2618;"Yes";"No";"Yes";"No";"16gA"
2568;2624;"Yes";"No";"No";"Yes";"16gD"
2733;2624;"Yes";"No";"Yes";"Yes";"16gD"
1930;2627;"Yes";"Yes";"Yes";"No";"16gE"
3035;2627;"Yes";"Yes";"Yes";"No";"16gE"
2597;2629;"Yes";"Yes";"Yes";"Yes";"16gD"
2715;2629;"Yes";"Yes";"Yes";"Yes";"16gD"
2805;2629;"Yes";"No";"No";"No";"16gD"
2610;2629;"Yes";"No";"Yes";"No";"16gD"
2850;2629;"Yes";"No";"Yes";"No";"16gD"
2715;2631;"Yes";"Yes";"Yes";"Yes";"16gD"
2597;2631;"Yes";"Yes";"Yes";"Yes";"16gD"
2805;2631;"Yes";"No";"No";"No";"16gD"
2850;2631;"Yes";"No";"Yes";"No";"16gD"
2749;2633;"Yes";"No";"No";"No";"16gF"
2540;2633;"Yes";"No";"Yes";"No";"16gF"
2695;2633;"Yes";"No";"No";"No";"16gF"
2646;2635;"Yes";"Yes";"No";"Yes";"16gG"
1240;2638;"Yes";"No";"Yes";"No";"16gF"
2805;2638;"Yes";"No";"No";"No";"16gF"
2554;2638;"Yes";"Yes";"Yes";"Yes";"16gF"
1248;2639;"Yes";"No";"No";"No";"17qA"
2968;2639;"Yes";"No";"Yes";"No";"17qA"
2668;2639;"Yes";"No";"No";"No";"17qA"
2730;2639;"Yes";"No";"Yes";"No";"17qA"
2905;2639;"Yes";"No";"Yes";"No";"17qA"
2595;2641;"Yes";"Yes";"No";"No";"16gG"
2603;2641;"Yes";"No";"No";"Yes";"16gG"
2646;2641;"Yes";"Yes";"No";"No";"16gG"
1248;2641;"Yes";"Yes";"Yes";"No";"16gG"
3026;2641;"Yes";"No";"Yes";"No";"16gG"
1222;2641;"Yes";"No";"Yes";"No";"16gG"
2540;2643;"Yes";"No";"Yes";"No";"16gF"
2635;2646;"Yes";"No";"Yes";"No";"16gG"
2865;2651;"Yes";"No";"Yes";"No";"17qB"
2718;2651;"Yes";"Yes";"Yes";"Yes";"17qB"
2739;2651;"Yes";"No";"Yes";"No";"17qB"
2869;2651;"Yes";"No";"Yes";"No";"17qB"
2873;2651;"Yes";"No";"Yes";"No";"17qB"
2669;2653;"Yes";"No";"Yes";"No";"16gA"
2745;2653;"Yes";"No";"Yes";"No";"16gA"
2500;2659;"Yes";"No";"Yes";"No";"16gB"
2502;2659;"Yes";"No";"No";"No";"16gB"
2593;2659;"Yes";"No";"No";"Yes";"16gB"
3026;2659;"Yes";"No";"Yes";"No";"16gB"
2494;2659;"Yes";"Yes";"Yes";"No";"16gB"
2526;2659;"Yes";"No";"Yes";"No";"16gB"
2907;2662;"Yes";"No";"Yes";"No";"17qA"
2639;2668;"Yes";"No";"No";"No";"17qA"
2968;2668;"Yes";"No";"Yes";"No";"17qA"
2662;2668;"Yes";"No";"Yes";"No";"17qA"
2653;2669;"Yes";"No";"Yes";"No";"16gC"
2674;2669;"Yes";"No";"No";"No";"16gC"
2698;2673;"Yes";"No";"Yes";"Yes";"16gD"
2850;2673;"Yes";"No";"Yes";"No";"16gD"
2744;2674;"Yes";"No";"Yes";"No";"16gB"
2683;2674;"Yes";"No";"Yes";"No";"16gB"
2593;2683;"Yes";"Yes";"No";"No";"16gB"
2741;2683;"Yes";"No";"No";"No";"16gB"
2770;2683;"Yes";"Yes";"Yes";"No";"16gB"
1067;2683;"Yes";"Yes";"No";"Yes";"16gB"
2561;2685;"Yes";"No";"Yes";"No";"16gF"
2768;2685;"Yes";"No";"Yes";"No";"16gF"
2733;2685;"Yes";"No";"No";"No";"16gF"
2662;2692;"Yes";"Yes";"No";"No";"17qA"
2728;2695;"Yes";"Yes";"No";"No";"16gF"
2749;2695;"Yes";"No";"No";"No";"16gF"
2633;2695;"Yes";"No";"Yes";"Yes";"16gF"
2760;2695;"Yes";"Yes";"Yes";"Yes";"16gF"
2554;2695;"Yes";"No";"Yes";"Yes";"16gF"
1240;2695;"Yes";"No";"Yes";"No";"16gF"
2580;2695;"Yes";"No";"Yes";"No";"16gF"
2702;2697;"Yes";"Yes";"Yes";"Yes";"16gE"
2733;2697;"Yes";"No";"Yes";"No";"16gE"
2766;2698;"Yes";"No";"No";"No";"16gD"
2673;2698;"Yes";"No";"No";"No";"16gD"
2715;2698;"Yes";"No";"Yes";"No";"16gD"
2734;2698;"Yes";"No";"No";"Yes";"16gD"
2597;2698;"Yes";"Yes";"Yes";"Yes";"16gD"
2733;2702;"Yes";"No";"Yes";"No";"16gE"
1232;2702;"Yes";"No";"Yes";"No";"16gE"
2705;2702;"Yes";"No";"Yes";"No";"16gE"
2697;2702;"Yes";"No";"No";"No";"16gE"
2734;2702;"Yes";"No";"Yes";"No";"16gE"
2574;2705;"Yes";"Yes";"Yes";"No";"16gG"
2520;2705;"Yes";"No";"Yes";"No";"16gG"
2635;2705;"Yes";"Yes";"Yes";"No";"16gG"
2620;2705;"Yes";"No";"Yes";"No";"16gG"
2631;2715;"Yes";"No";"No";"No";"16gD"
2597;2715;"Yes";"Yes";"Yes";"Yes";"16gD"
2629;2715;"Yes";"Yes";"Yes";"Yes";"16gD"
2698;2715;"Yes";"No";"Yes";"No";"16gD"
2651;2718;"Yes";"Yes";"No";"No";"17qB"
2861;2718;"Yes";"Yes";"Yes";"Yes";"17qB"
2863;2718;"Yes";"Yes";"Yes";"No";"17qB"
2764;2718;"Yes";"No";"No";"No";"17qB"
2873;2718;"Yes";"Yes";"Yes";"No";"17qB"
2867;2718;"Yes";"Yes";"Yes";"No";"17qB"
2865;2726;"Yes";"No";"No";"No";"17qB"
2869;2726;"Yes";"No";"No";"Yes";"17qB"
1252;2727;"Yes";"No";"Yes";"No";"16gC"
2538;2727;"Yes";"No";"Yes";"No";"16gC"
2550;2727;"Yes";"No";"Yes";"No";"16gC"
2698;2727;"Yes";"No";"No";"No";"16gC"
2552;2727;"Yes";"Yes";"Yes";"No";"16gC"
2695;2728;"Yes";"Yes";"No";"No";"16gB"
2744;2728;"Yes";"No";"No";"No";"16gB"
2760;2728;"Yes";"No";"No";"No";"16gB"
2739;2730;"Yes";"No";"No";"No";"17qA"
1916;2730;"Yes";"No";"No";"Yes";"17qA"
2702;2733;"Yes";"Yes";"Yes";"No";"16gE"
2697;2733;"Yes";"No";"Yes";"No";"16gE"
3039;2734;"Yes";"No";"Yes";"No";"16gE"
2733;2734;"Yes";"No";"Yes";"No";"16gE"
2498;2734;"Yes";"No";"No";"Yes";"16gE"
2698;2734;"Yes";"No";"Yes";"No";"16gE"
2730;2739;"Yes";"No";"Yes";"Yes";"17qB"
2867;2739;"Yes";"No";"Yes";"No";"17qB"
1990;2741;"Yes";"No";"No";"No";"16gB"
2552;2741;"Yes";"No";"No";"Yes";"16gB"
2728;2744;"Yes";"Yes";"No";"No";"16gB"
2526;2744;"Yes";"No";"Yes";"No";"16gB"
2674;2744;"Yes";"No";"Yes";"No";"16gB"
2749;2745;"Yes";"No";"No";"No";"16gA"
2785;2747;"Yes";"No";"Yes";"No";"17qB"
3014;2747;"Yes";"No";"Yes";"No";"17qB"
2633;2749;"Yes";"No";"No";"No";"16gF"
2685;2749;"Yes";"No";"Yes";"No";"16gF"
2745;2749;"Yes";"No";"Yes";"No";"16gF"
2540;2749;"Yes";"No";"Yes";"No";"16gF"
2695;2749;"Yes";"No";"No";"No";"16gF"
2776;2754;"Yes";"No";"Yes";"No";"17qB"
2871;2754;"Yes";"No";"Yes";"No";"17qB"
2791;2754;"Yes";"No";"Yes";"Yes";"17qB"
2695;2760;"Yes";"No";"No";"No";"16gF"
2633;2760;"Yes";"No";"Yes";"Yes";"16gF"
2873;2764;"Yes";"Yes";"Yes";"No";"17qB"
2718;2764;"Yes";"Yes";"No";"Yes";"17qB"
2726;2764;"Yes";"No";"Yes";"Yes";"17qB"
2863;2764;"Yes";"Yes";"Yes";"No";"17qB"
2865;2764;"Yes";"No";"Yes";"No";"17qB"
2869;2764;"Yes";"No";"Yes";"No";"17qB"
2616;2766;"Yes";"No";"Yes";"Yes";"16gC"
2698;2766;"Yes";"No";"No";"No";"16gC"
2685;2768;"Yes";"No";"No";"No";"16gF"
1486;2768;"Yes";"No";"No";"No";"16gF"
1378;2768;"Yes";"Yes";"Yes";"No";"16gF"
2580;2768;"Yes";"Yes";"Yes";"No";"16gF"
2593;2770;"Yes";"Yes";"No";"No";"16gB"
2683;2770;"Yes";"No";"Yes";"No";"16gB"
2741;2770;"Yes";"No";"No";"No";"16gB"
2554;2770;"Yes";"No";"No";"Yes";"16gB"
2726;2770;"Yes";"No";"Yes";"Yes";"16gB"
2559;2770;"Yes";"Yes";"No";"Yes";"16gB"
2780;2776;"Yes";"No";"Yes";"Yes";"17qB"
2754;2776;"Yes";"No";"Yes";"No";"17qB"
2747;2776;"Yes";"No";"Yes";"No";"17qB"
3014;2776;"Yes";"No";"No";"No";"17qB"
2879;2776;"Yes";"No";"Yes";"No";"17qB"
2776;2780;"Yes";"No";"Yes";"No";"17qB"
2754;2780;"Yes";"No";"Yes";"No";"17qB"
2879;2780;"Yes";"No";"Yes";"No";"17qB"
3014;2780;"Yes";"No";"No";"No";"17qB"
2747;2785;"Yes";"No";"No";"Yes";"17qB"
3014;2785;"Yes";"No";"Yes";"No";"17qB"
2789;2787;"Yes";"No";"No";"No";"17qA"
2861;2787;"Yes";"No";"Yes";"Yes";"17qA"
2787;2789;"Yes";"No";"Yes";"Yes";"17qA"
2861;2789;"Yes";"Yes";"Yes";"Yes";"17qA"
2847;2791;"Yes";"No";"Yes";"No";"16wB"
2812;2797;"Yes";"No";"No";"No";"16wB"
2929;2797;"Yes";"No";"No";"No";"16wB"
2810;2797;"Yes";"No";"Yes";"No";"16wB"
2791;2797;"Yes";"No";"Yes";"No";"16wB"
2844;2797;"Yes";"No";"Yes";"No";"16wB"
2815;2801;"Yes";"No";"Yes";"No";"16wA"
2973;2801;"Yes";"Yes";"Yes";"No";"16wA"
2980;2801;"Yes";"No";"No";"Yes";"16wA"
2032;2801;"Yes";"No";"No";"Yes";"16wA"
2815;2805;"Yes";"No";"Yes";"No";"16wA"
2973;2805;"Yes";"No";"Yes";"No";"16wA"
2829;2805;"Yes";"No";"Yes";"Yes";"16wA"
2821;2807;"Yes";"No";"Yes";"No";"16wA"
2797;2810;"Yes";"No";"Yes";"No";"16wB"
2844;2810;"Yes";"No";"Yes";"No";"16wB"
2797;2812;"Yes";"No";"No";"No";"16wB"
2805;2815;"Yes";"No";"Yes";"No";"16wA"
2973;2815;"Yes";"No";"Yes";"No";"16wA"
2829;2815;"Yes";"No";"Yes";"Yes";"16wA"
2593;2815;"Yes";"No";"No";"Yes";"16wA"
2836;2815;"Yes";"No";"Yes";"Yes";"16wA"
2973;2819;"Yes";"No";"Yes";"No";"16wA"
2823;2821;"Yes";"No";"No";"No";"16wA"
2821;2823;"Yes";"No";"No";"No";"16wA"
2836;2829;"Yes";"No";"Yes";"No";"16wA"
2815;2829;"Yes";"No";"Yes";"No";"16wA"
2829;2836;"Yes";"No";"Yes";"Yes";"16wA"
2815;2836;"Yes";"Yes";"No";"No";"16wA"
2524;2840;"Yes";"No";"No";"No";"16wA"
2791;2847;"Yes";"No";"Yes";"No";"16wB"
2940;2850;"Yes";"No";"Yes";"No";"16wB"
2789;2861;"Yes";"No";"No";"No";"17qB"
2718;2861;"Yes";"Yes";"Yes";"No";"17qB"
2863;2861;"Yes";"Yes";"Yes";"No";"17qB"
2718;2863;"Yes";"Yes";"Yes";"No";"17qB"
2873;2863;"Yes";"No";"Yes";"No";"17qB"
2764;2863;"Yes";"Yes";"No";"No";"17qB"
2726;2865;"Yes";"No";"No";"No";"17qB"
2651;2865;"Yes";"No";"Yes";"No";"17qB"
2867;2865;"Yes";"No";"Yes";"No";"17qB"
2869;2865;"Yes";"No";"No";"Yes";"17qB"
2739;2865;"Yes";"No";"Yes";"No";"17qB"
2739;2867;"Yes";"No";"Yes";"No";"17qB"
2869;2867;"Yes";"No";"No";"Yes";"17qB"
2871;2867;"Yes";"No";"No";"No";"17qB"
2651;2867;"Yes";"Yes";"Yes";"No";"17qB"
2867;2869;"Yes";"No";"No";"No";"17qB"
2726;2869;"Yes";"No";"Yes";"No";"17qB"
2739;2869;"Yes";"No";"Yes";"No";"17qB"
2754;2871;"Yes";"No";"No";"No";"17qB"
2867;2871;"Yes";"No";"No";"No";"17qB"
2861;2871;"Yes";"No";"Yes";"No";"17qB"
2776;2871;"Yes";"No";"Yes";"No";"17qB"
2863;2873;"Yes";"Yes";"Yes";"No";"17qB"
2869;2873;"Yes";"No";"Yes";"No";"17qB"
2764;2873;"Yes";"No";"No";"No";"17qB"
1214;2879;"Yes";"No";"No";"Yes";"17qB"
2776;2879;"Yes";"No";"Yes";"No";"17qB"
2754;2879;"Yes";"No";"Yes";"No";"17qB"
2863;2879;"Yes";"No";"Yes";"No";"17qB"
2869;2879;"Yes";"No";"Yes";"No";"17qB"
3014;2879;"Yes";"No";"No";"No";"17qB"
2535;2903;"Yes";"No";"No";"No";"16gA"
2745;2903;"Yes";"No";"Yes";"No";"16gA"
2968;2905;"Yes";"No";"Yes";"Yes";"17qA"
2639;2905;"Yes";"No";"Yes";"No";"17qA"
2228;2907;"Yes";"Yes";"Yes";"Yes";"17qA"
2662;2907;"Yes";"No";"No";"No";"17qA"
1222;2907;"Yes";"No";"Yes";"No";"17qA"
2730;2907;"Yes";"No";"Yes";"No";"17qA"
2850;2940;"Yes";"No";"Yes";"No";"16wB"
2522;2940;"Yes";"No";"No";"No";"16wB"
1222;2955;"Yes";"No";"Yes";"No";"16gA"
2641;2955;"Yes";"Yes";"Yes";"Yes";"16gA"
2603;2955;"Yes";"Yes";"No";"Yes";"16gA"
1248;2955;"Yes";"Yes";"Yes";"No";"16gA"
2905;2968;"Yes";"No";"Yes";"Yes";"17qA"
2639;2968;"Yes";"No";"Yes";"No";"17qA"
2801;2973;"Yes";"Yes";"Yes";"No";"16wA"
2805;2973;"Yes";"No";"Yes";"No";"16wA"
2486;2980;"Yes";"No";"No";"Yes";"16gA"
2032;2980;"Yes";"No";"No";"Yes";"16gA"
2801;2980;"Yes";"No";"Yes";"Yes";"16gA"
2747;3014;"Yes";"No";"No";"Yes";"17qB"
2785;3014;"Yes";"No";"Yes";"Yes";"17qB"
1408;3020;"Yes";"No";"Yes";"No";"15gA"
1470;3020;"Yes";"No";"Yes";"No";"15gA"
2627;3035;"Yes";"Yes";"No";"No";"16gE"
1930;3035;"Yes";"No";"Yes";"No";"16gE"
2754;3037;"Yes";"No";"No";"No";"17qB"
2747;3037;"Yes";"No";"Yes";"No";"17qB"
2871;3037;"Yes";"No";"Yes";"No";"17qB"
2498;3039;"Yes";"No";"No";"Yes";"16gE"
3026;3039;"Yes";"No";"No";"No";"16gE"
1699;3046;"Yes";"No";"Yes";"No";"15gF"
1478;3046;"Yes";"No";"No";"Yes";"15gF"
1920;3046;"Yes";"No";"Yes";"No";"15gF"
1822;1824;"Yes";"No";"Yes";"No";"14gD"
1822;1087;"Yes";"No";"Yes";"Yes";"14gC"
2768;1486;"Yes";"No";"Yes";"No";"15gF"
1673;1448;"Yes";"No";"Yes";"No";"15gE"
2651;2869;"Yes";"No";"Yes";"No";"17qB"
1484;1412;"Yes";"Yes";"Yes";"No";"15gB"
1822;1607;"Yes";"No";"Yes";"No";"14wA"
2210;2498;"Yes";"Yes";"No";"Yes";"16gE"
1097;1444;"Yes";"No";"Yes";"No";"14gH"
1484;2218;"Yes";"No";"Yes";"No";"15gB"
1822;1826;"Yes";"No";"Yes";"No";"14gD"
2210;1844;"Yes";"No";"Yes";"No";"15gD"
2875;2692;"Yes";"No";"Yes";"No";"17qA"
1079;1619;"Yes";"No";"No";"Yes";"14gF"
2121;2119;"Yes";"Yes";"No";"Yes";"14gB"
2651;2863;"Yes";"No";"Yes";"No";"17qB"
1822;1816;"Yes";"No";"Yes";"Yes";"14gC"
1432;1388;"Yes";"No";"Yes";"No";"14gF"
1432;2032;"Yes";"No";"Yes";"No";"14gF"
1432;1990;"Yes";"No";"Yes";"No";"14gF"
1432;1613;"Yes";"No";"Yes";"No";"14gF"
